https://sph.emory.edu/faculty/?dept=gh
Rollins School of Public Health | FacultySkip to ContentPeople & Quick LinksPeopleSearch RSPH FacultySearch Emory DirectoryCDC/HHS DirectoryAdministrative UnitsRSPH ComputingRSPH Human ResourcesFinancial AccountingQuick LinksEmory Exchange Web MailRSPH Events CalendarDirections to RSPHRoom ReservationsPublic Health Employment Connection (PHEC)eBIRT - Biomedical Interactive Resource ToolCDC StacksSchoolsUndergraduateEmory CollegeOxford CollegeBusiness SchoolSchool of NursingCommunityEmory Continuing EducationProfessional EducationPre-College ProgramGraduateBusiness SchoolGraduate SchoolSchool of LawSchool of MedicineSchool of NursingSchool of Public HealthSchool of TheologyLibrariesLibrariesRobert W. WoodruffBusinessScience CommonsHealth SciencesLawMARBLMusic & MediaOxford CollegeTheologyLibrary ToolsCourse ReservesDatabasesDigital Scholarship (ECDS)Library SearcheJournalsElectronic DissertationsEmoryFindingAidsILLiadOpenEmoryResearch GuidesResourcesResourcesEmory University main siteAdministrative OfficesEmory HealthcareGive to EmoryAcademic CalendarsBookstoreCampus MapsShuttles and ParkingAthletics: Emory EaglesArts at EmoryEmory News CenterResourcesEmergencyInformation Technology (IT)Outlook Web AccessOffice 365Canvas / BlackboardOPUSPeopleSoft Financials: CompassCareersHuman ResourcesEmory ReportToggle navigationMain MenuSearchAdmissionsMPH/MSPH/AdmissionPhD AdmissionsDual DegreesInternational StudentsTuition & AidEventsVisit RollinsRollins on the RoadAcademicsMaster'sDual DegreesCertificatesPhDCurrent PhD StudentsRSPH CatalogEMPHProfessional DevelopmentSpecial Standing StudentsAcademic CalendarApplied Practice ExperienceDepartmentsBehavioral, Social, & Health Education SciencesBiostatistics & BioinformaticsEpidemiologyExecutive MPHFacultyGangarosa Department of Environmental HealthHealth Policy & ManagementHubert Department of Global HealthFacultyAll FacultyRollins TLCBehavioral, Social, & Health Education SciencesBiostatistics & BioinformaticsExecutive MPHEpidemiologyGangarosa Department of Environmental HealthHealth Policy & ManagementHubert Department of Global HealthCareersRSPH Career ConnectionFor StudentsApplied Practice ExperienceGlobal Field ExperienceRollins Earn & LearnMentor RollinsPublic Health Employment ConnectionFeatured ServicesContact UsResearchPublic Health Sciences Grand RoundsRollins LabsRollins CentersRollins LifeEnrollment ServicesFinancial ServicesAcademic Resource CenterStudent OrganizationsInternational Student ResourcesHousing InformationAcademic CalendarCommunity EngagementEventsApplied Practice ExperienceCourse EvaluationsNewsCategoriesTopicsNews ArchiveRollins MagazineIn The MediaAboutMyHubAlumniGivingGive NowSearchSearchThis SiteAll Emory SitesPeopleEmory Rollins School of Public HealthFaculty (653)Search HelpFilter By DepartmentAll DepartmentsBiostatistics and BioinformaticsBehavioral/Social/Health EducExecutive MPHEnvironmental HealthEpidemiologyGlobal HealthHealth Policy and ManagementFind PHD Graduate Faculty/AdvisorsFilter By Areas of InterestAddiction/Substance AbuseAdolescent Health/Child HealthAdvocacyAgingAir PollutionAnalyticsAntibiotic ResistanceAssessmentBayesian AnalysisBehavior and HealthBioinformaticsBiomarkersBiomedical SciencesBiostatisticsBioterrorismBrain-Computer InterfaceBuilt EnvironmentCancer PreventionCardiometabolic DiseasesCardiovascular DiseasesCausal InferenceChemical ExposureChronic DiseasesClimate and HealthClinical ResearchClinical TrialsCommunity Based ResearchCommunity Health & DevelopmentCost Effective AnalysisData MiningData ScienceDental Public HealthDiabetesDiarrheal and Enteric DiseasesDisease EcologyDisease PathogenesisDisease SurveillanceEcology, Demography and Environmental SciencesEconometricsEmergency PreparednessEndocrine DisruptorsEnvironmental HealthEpidemiologyEpigeneticsEvaluationExercise Science/ Physical ActivityExposomeExposure AssessmentFaith Based HealthFood SafetyGenetic Association StudiesGenetic EpidemiologyGeneticsGenomicsGeriatricsGlobal HealthGovernanceGroup-Randomized TrialsHealth AdministrationHealth and Human RightsHealth CommunicationHealth DisparitiesHealth EconomicsHealth EducationHealth InformaticsHealth LawHealth LiteracyHealth ManagementHealth OutcomesHealth PolicyHealth PromotionHealth Services ResearchHealthcare SystemsHigh Performance ComputingHIV/AIDS PreventionHPV-Related DiseasesHuman Development and Family SciencesImagingImmunizations/VaccinesImmunologyImplementation ScienceInfectious DiseaseInfectious Disease DynamicsInformaticsInformation TechnologyInjury & Violence PreventionInteroperabilityKinesiology and ErgonomicsLaboratory ScienceLatino HealthLGBTI HealthLongitudinal AnalysisMachine LearningMaternal and Child HealthMental HealthMicrobiome ResearchMissing and Mismeasured DataModelingMulticultural StudiesNeglected Tropical DiseasesNetwork ScienceNeurologic ConditionsNeuroscienceNon-communicable DiseasesNursing InformaticsNutritionObesity PreventionOccupational HealthPhysical TherapyPopulation SciencesProgram ManagementPsychiatric GeneticsPublic Health BiologyPublic Health InformaticsPublic Health LeadershipPublic Health MedicinePublic Health NursingPublic Health PolicyPublic Health PracticePublic Health Preparedness and ResponseRecreationRehabilitation SciencesRemote SensingRenal DiseasesReproductive HealthResearch MethodsRisk AssessmentRural HealthSafe Water, Sanitation and HygieneSamplingScholarship of Teaching and LearningSexual Health/BehaviorSleep EpidemiologySmoking Prevention/CessationSocial Determinants of HealthSocial EpidemiologySpatial Analysis/GISSports ManagementStatistical ModelingStatistical TheorySubstance Use/Harm ReductionSurveillanceSurvival AnalysisSystems IntegrationTime-Series Field ExperimentsTobacco Control and PreventionToxicologyTropical MedicineUrban HealthVaccinesVector-borne/Zoonotic DiseasesVeterinary Public HealthWomen’s HealthFilter By RoleAdjunct or VisitingProfessor EmeritusFacultyChairJointly AppointedAffiliatePost Doctoral FellowFilter By Last NameUser Login(?)ABCDEFGHIJKLMNOPQRSTUVWXYZNameTitleRolePrimary DepartmentBIOSRobertKraftyrobert kraftyRollins ProfessorChairEPITimothyLashtimothy lashProfessorChairEHYangLiuyang liuProfessorChairBSHESDonOperariodon operarioRollins ProfessorChairGHUshaRamakrishnanusha ramakrishnanProfessorChairHPMKennethThorpekenneth thorpeProfessorChairHPME. KathleenAdamse. kathleen adamsProfessorFacultyGHO. YawAddoo. yaw addoAssistant ProfessorFacultyGHLilianaAguayo-Markesliliana aguayo-markesResearch Assistant ProfessorFacultyBIOSAlexandraAielloalexandra aielloInstructorFacultyGHEPIMohammedAlimohammed aliProfessorJointly AppointedFacultyEPIAlvaroAlonsoalvaro alonsoProfessorFacultyBSHESEMPHMelissa (Moose)Alperinmelissa (moose) alperinResearch Assistant ProfessorFacultyFacultyBSHESGHKarenAndeskaren andesAssociate ProfessorJointly AppointedFacultyGHEPISolveigArgeseanu Cunninghamsolveig argeseanu cunninghamAssociate ProfessorJointly AppointedFacultyHPMAnneArwoodanne arwoodInstructorFacultyHPMAbigailBackabigail backInstructorFacultyGHA. CorneliusBakera. cornelius bakerLecturerFacultyGHJamesBanaski, Jr.james banaski, jr.InstructorFacultyEHDanaBarrdana barrProfessorFacultyHPMEdmundBeckeredmund beckerProfessorFacultyGHEPIRobertBednarczykrobert bednarczykAssistant ProfessorJointly AppointedFacultyBIOSDavidBenkeserdavid benkeserAssistant ProfessorFacultyBIOSEMPHJoséBinongojosé binongoResearch Associate ProfessorFacultyFacultyBSHESEMPHLinelleBlaislinelle blaisResearch Associate ProfessorFacultyFacultyHPMSarahBlakesarah blakeAssociate ProfessorFacultyGHJohnBlevinsjohn blevinsResearch Associate ProfessorFacultyEPIHeatherBradleyheather bradleyAssociate ProfessorFacultyEHGHRobertBreimanrobert breimanProfessorJointly AppointedFacultyGHEHBSHESBethanyCarusobethany carusoAssistant ProfessorJointly AppointedJointly AppointedFacultyGHEPIKennethCastrokenneth castroProfessorJointly AppointedFacultyEHEMPHWilliamCaudlewilliam caudleResearch Associate ProfessorFacultyFacultyEPIAllisonChamberlainallison chamberlainResearch Associate ProfessorFacultyBIOSEHHowardChanghoward changProfessorFacultyJointly AppointedBSHESEnmanuelChavarriaenmanuel chavarriaAssistant ProfessorFacultyHPMPuneetChehalpuneet chehalAssistant ProfessorFacultyEPILaurenChristiansen-Lindquistlauren christiansen-lindquistResearch Assistant ProfessorFacultyGHEMPHBSHESCari JoClarkcari jo clarkAssociate ProfessorJointly AppointedFacultyFacultyEHEPIGHThomasClasenthomas clasenProfessorFacultyJointly AppointedJointly AppointedBSHESDawnComeaudawn comeauResearch ProfessorFacultyBSHESEPIHannahCooperhannah cooperProfessorFacultyJointly AppointedBIOSGeorgeCotsonisgeorge cotsonisSenior AssociateFacultyBSHESNatalieCrawfordnatalie  crawfordAssistant ProfessorFacultyEHJonnyCrockerjonny crockerResearch Assistant ProfessorFacultyBIOSXiangqinCuixiangqin cuiResearch Associate ProfessorFacultyHPMStevenCullersteven cullerAssociate ProfessorFacultyHPMJanetCummingsjanet cummingsProfessorFacultyEPIJamesCurranjames curranProfessorFacultyEHLisaDawsonlisa dawsonInstructorFacultyBIOSEPINatalieDeannatalie deanAssistant ProfessorFacultyJointly AppointedHPMMariaDiecimaria dieciAssistant ProfessorFacultyEPIAnnDoann  doResearch Associate ProfessorFacultyHPMBSHESBenjaminDrussbenjamin drussProfessorJointly AppointedFacultyBIOSKirkEasleykirk easleyResearch ProfessorFacultyEHEPIStefanieEbeltstefanie ebeltAssociate ProfessorFacultyJointly AppointedBIOSEMPHJohnathanEdwardsjohnathan edwardsInstructorFacultyFacultyEHEPIStephanieEickstephanie eickAssistant ProfessorFacultyJointly AppointedEHEPIBSHESChristineEkengachristine ekengaAssistant ProfessorJointly AppointedFacultyJointly AppointedBSHESKirkElifsonkirk elifsonResearch ProfessorFacultyBIOSLisaElonlisa elonResearch Associate ProfessorFacultyBSHESCamEscofferycam escofferyProfessorFacultyBSHESGHDabneyEvansdabney evansAssociate ProfessorJointly AppointedFacultyEHEPIToddEversontodd eversonAssistant ProfessorFacultyJointly AppointedEPIM. DanieleFallinm. daniele fallinProfessorFacultyGHGhada N.Farhatghada n. farhatAssociate ProfessorFacultyEPIW. DanaFlandersw. dana flandersProfessorFacultyHPMCurtisFlorence IIcurtis florence iiInstructorFacultyEMPHJenniferFredianijennifer fredianiAssistant ProfessorFacultyEHEPIGHMatthewFreemanmatthew freemanProfessorFacultyJointly AppointedJointly AppointedGHEPINeelGandhineel gandhiProfessorFacultyJointly AppointedEPIEHAudreyGaskinsaudrey gaskinsAssistant ProfessorJointly AppointedFacultyHPMEMPHBSHESLaurieGaydoslaurie gaydosAssociate ProfessorJointly AppointedFacultyFacultyEPIBSHESHPMJulieGazmararianjulie gazmararianProfessorJointly AppointedFacultyJointly AppointedGHEPIAmy WebbGirardamy webb girardAssociate ProfessorJointly AppointedFacultyEPIMichaelGoodmanmichael goodmanProfessorFacultyHPMIlanaGraetzilana  graetzAssociate ProfessorFacultyGHAshleyGreinerashley greinerAdjunct Assistant ProfessorFacultyBSHESYueGuanyue guanResearch Assistant ProfessorFacultyEPIEMPHJodieGuestjodie guestProfessorFacultyFacultyGHUnjaliGujralunjali gujralAssistant ProfessorFacultyBIOSYingGuoying guoProfessorFacultyBSHESRegineHaardoerferregine haardoerferResearch Associate ProfessorFacultyBIOSMichaelHabermichael haberProfessorFacultyBSHESKimbiHagenkimbi hagenResearch Assistant ProfessorFacultyGHEndangHandzelendang handzelInstructorFacultyBIOSJohnHanfeltjohn hanfeltProfessorFacultyEPITerryHartmanterry hartmanProfessorFacultyEHBSHESElizabethHeadelizabeth headInstructorAdjunct or VisitingFacultyGHMoniqueHenninkmonique henninkAssociate ProfessorFacultyHPMJessicaHikejessica hikeInstructorFacultyBIOSHPMMichalHornýmichal hornýAssistant ProfessorFacultyFacultyHPMDavidHowarddavid howardProfessorFacultyEPIPenelopeHowardspenelope howardsAssociate ProfessorFacultyBIOSYijuanHuyijuan huAssociate ProfessorFacultyBIOSYijian (Eugene)Huangyijian (eugene) huangProfessorFacultyEPIEHAnkeHuelsanke huelsAssistant ProfessorJointly AppointedFacultyGHSophiaHussensophia hussenAssociate ProfessorFacultyBSHESUmedjonIbragimovumedjon ibragimovResearch Assistant ProfessorFacultyHPMNijarImangulinijar imanguliInstructorFacultyBSHESKimberlyJacob Arriolakimberly jacob arriolaProfessorFacultyBSHESHPMKaraJacobsonkara jacobsonSenior AssociateJointly AppointedFacultyEPISamuelJennesssamuel jennessAssociate ProfessorFacultyHPMXuJixu jiInstructorFacultyEPIEHDayna A.Johnsondayna a. johnsonAssistant ProfessorAdjunct or VisitingFacultyBSHESLeslieJohnsonleslie johnsonInstructorFacultyEPIJebJonesjeb jonesAssistant ProfessorFacultyHPMPeterJoskipeter joskiSenior AssociateFacultyHPMOliviaJungolivia jungAssistant ProfessorFacultyEPIEMPHVijayaKancherlavijaya kancherlaAssistant ProfessorFacultyFacultyBSHESMichelleKeglermichelle keglerProfessorFacultyBIOSMaryKelleymary kelleyResearch ProfessorFacultyHPMMichaelKilleenmichael killeenInstructorFacultyBIOSYi-AnKoyi-an koResearch Associate ProfessorFacultyBSHESEPIKelliKomrokelli komroProfessorFacultyJointly AppointedEPIBSHESMichaelKramermichael kramerAssociate ProfessorFacultyFacultyBIOSSuprateekKundusuprateek kunduAdjunct ProfessorFacultyBIOSMichaelKutnermichael kutnerRollins ProfessorFacultyBSHESDeliaLangdelia langResearch ProfessorFacultyBIOSEPIMaxLaumax lauAssistant ProfessorFacultyJointly AppointedGHJames (Jim)Laveryjames (jim) laveryProfessorFacultyGHEHEPIEMPHJuanLeonjuan leonAssociate ProfessorFacultyJointly AppointedJointly AppointedFacultyBIOSTraciLeongtraci leongResearch Assistant ProfessorFacultyEPITené T.Lewistené t. lewisAssociate ProfessorFacultyEHEPIDonghaiLiangdonghai liangAssistant ProfessorFacultyJointly AppointedHPMJosephLipscombjoseph lipscombProfessorFacultyGHPengboLiupengbo liuResearch Assistant ProfessorFacultyBIOSYuanLiuyuan liuResearch Associate ProfessorFacultyBSHESMelvinLivingstonmelvin livingstonResearch Associate ProfessorFacultyGHFelipeLobelofelipe lobeloAssociate ProfessorFacultyEPIAndreaLopez-Ceperoandrea lopez-ceperoAssistant ProfessorFacultyEPIEHBenjaminLopmanbenjamin lopmanProfessorJointly AppointedFacultyGHHanqiLuohanqi luoResearch Assistant ProfessorFacultyBIOSRobertLylesrobert lylesProfessorFacultyBIOSTianwenMatianwen maResearch Assistant ProfessorFacultyEPIGHMatthewMageematthew mageeAssociate ProfessorJointly AppointedFacultyBIOSAmitaManatungaamita manatungaProfessorFacultyBIOSRameshbabuManyamrameshbabu manyamResearch Assistant ProfessorFacultyEPIEHMicheleMarcusmichele marcusProfessorJointly AppointedFacultyEHEPICarmenMarsitcarmen marsitRollins ProfessorFacultyJointly AppointedGHRebeccaMartinrebecca martinResearch ProfessorFacultyGHReynaldoMartorellreynaldo martorellProfessorFacultyBSHESGHColleenMcBridecolleen mcbrideProfessorFacultyJointly AppointedEPILaurenMcCulloughlauren mcculloughAssociate ProfessorFacultyGHHPMDeborahMcFarlanddeborah mcfarlandAssociate ProfessorFacultyJointly AppointedBSHESRobinMcGeerobin mcgeeResearch Assistant ProfessorFacultyGHJoanneMcGriffjoanne mcgriffAssistant ProfessorFacultyGHEPIScott JNMcNabbscott jn mcnabbResearch ProfessorJointly AppointedFacultyBIOSTarrantMcPhersontarrant mcphersonResearch Assistant ProfessorFacultyGHEHEPIChristineMoechristine moeProfessorJointly AppointedJointly AppointedFacultyBIOSSaritaMohantysarita mohantyInstructorFacultyBSHESAlexandraMorshedalexandra morshedResearch Assistant ProfessorFacultyBIOSRaphielMurdenraphiel murdenResearch Assistant ProfessorFacultyBIOSRaziehNabirazieh nabiAssistant ProfessorFacultyEHMayaNadimpallimaya nadimpalliAssistant ProfessorFacultyEPIAshleyNaimiashley naimiAssociate ProfessorFacultyGHSubasriNarasimhansubasri narasimhanAssistant ProfessorFacultyBSHESEricNehleric nehlResearch Associate ProfessorFacultyEPIKristinNelsonkristin nelsonAssistant ProfessorFacultyGHAntoinetteNguyenantoinette nguyenInstructorFacultyBIOSAzharNizamazhar nizamResearch ProfessorFacultyEPIGodfreyOakley Jrgodfrey oakley jrResearch ProfessorFacultyGHJacquelynO'Banionjacquelyn o'banionInstructorFacultyGHHelenaPachonhelena pachonResearch ProfessorFacultyEHParinyaPanuwetparinya panuwetResearch Assistant ProfessorFacultyGHEPIShivani A.Patelshivani a. patelAssistant ProfessorJointly AppointedFacultyEHHollyPatrickholly patrickInstructorFacultyEPIBradleyPearcebradley pearceResearch Associate ProfessorFacultyBIOSLiminPenglimin pengProfessorFacultyBIOSEmilyPetersonemily petersonPostDoctoralFacultyHPMVictoriaPhillipsvictoria phillipsAssociate ProfessorFacultyBIOSZhaohui "Steve"Qinzhaohui "steve" qinProfessorFacultyEHArthiRaoarthi raoInstructorFacultyHPMKimberlyRaskkimberly raskAssociate ProfessorFacultyBSHESSaraReddsara reddPostDoctoralFacultyGHElizabethRhodeselizabeth rhodesInstructorFacultyBSHESWhitneyRicewhitney riceAssistant ProfessorFacultyEPIRobinRichardsonrobin richardsonAssistant ProfessorFacultyBIOSBenjaminRiskbenjamin  riskAssistant ProfessorFacultyEMPHBrookeRiverabrooke riveraInstructorFacultyGHEPIRogerRochatroger rochatProfessorJointly AppointedFacultyEPIElizabethRogawski McQuadeelizabeth rogawski mcquadeAssistant ProfessorFacultyGHAngelaRozoangela rozoAssistant ProfessorFacultyBSHESAnnaRubtsovaanna rubtsovaResearch Assistant ProfessorFacultyEHP. BarryRyanp. barry ryanProfessorFacultyEHAminaSalamovaamina salamovaAssistant ProfessorFacultyBSHESJessicaSalesjessica salesAssociate ProfessorFacultyHPMRichardSaltmanrichard saltmanEmeritus ProfessorFacultyEPITravisSancheztravis sanchezResearch ProfessorFacultyEHJeremySarnatjeremy sarnatAssociate ProfessorFacultyEPIJoellenSchildkrautjoellen schildkrautProfessorFacultyEHAmySchnallamy schnallInstructorFacultyEHNoahScovronicknoah scovronickAssistant ProfessorFacultyGHEPISaritaShahsarita shahAssociate ProfessorFacultyJointly AppointedEPIAmitShahamit shahAssistant ProfessorFacultyGHHuiShaohui shaoAssociate ProfessorFacultyEHLiuhuaShiliuhua shiAssistant ProfessorFacultyEPIBSHESAaronSiegleraaron sieglerAssociate ProfessorFacultyFacultyGHEHSheelaSinharoysheela sinharoyAssistant ProfessorJointly AppointedFacultyEPIAnne CSpauldinganne c spauldingAssociate ProfessorFacultyGHLisaStaimezlisa staimezAssistant ProfessorFacultyEHEPIKyleSteenlandkyle steenlandProfessorFacultyJointly AppointedGHEPIAryehSteinaryeh steinProfessorJointly AppointedFacultyBSHESClaire E.Sterkclaire e. sterkProfessorFacultyEPIShakiraSugliashakira  sugliaProfessorFacultyEPIGHPatrickSullivanpatrick sullivanProfessorFacultyJointly AppointedEMPHAlexisSulymaalexis sulymaInstructorFacultyEPIYanSunyan sunProfessorFacultyBSHESMeganSuttermegan sutterResearch Assistant ProfessorFacultyBIOSJeffreySwitchenkojeffrey switchenkoResearch Assistant ProfessorFacultyBSHESColinTalleycolin talleyResearch Associate ProfessorFacultyBSHESLisaTedescolisa tedescoProfessorFacultyGHSandraThurmansandra thurmanLecturerFacultyFlaviaTravenflavia travenHPMBrookeTrippbrooke trippInstructorFacultyEPIViolaVaccarinoviola vaccarinoProfessorFacultyEPIRonaldValdiserrironald valdiserriProfessorFacultyGHLavanyaVasudevanlavanya vasudevanAssociate ProfessorFacultyGHEPIKabayamVenkat Narayankabayam venkat narayanProfessorJointly AppointedFacultyHPMSilkevon Esenweinsilke von esenweinAssistant ProfessorFacultyGHRachelWafordrachel wafordAssistant ProfessorFacultyBSHESAlexWagenaaralex wagenaarResearch ProfessorFacultyEHDouglasWalkerdouglas walkerAssociate ProfessorFacultyBSHESElizabethWalkerelizabeth walkerResearch Associate ProfessorFacultyEPIKristinWallkristin wallAssociate ProfessorFacultyEPIJoshuaWallachjoshua wallachAssistant ProfessorFacultyBIOSEHLanceWallerlance wallerProfessorFacultyJointly AppointedBIOSLauraWardlaura wardSenior AssociateFacultyEPIKevinWardkevin wardResearch Assistant ProfessorFacultyGHMary BethWebermary beth weberAssistant ProfessorFacultyBIOSPaulWeisspaul weissSenior AssociateFacultyGHCYNTHIAWHITNEYcynthia whitneyResearch ProfessorFacultyHPMAdamWilkadam wilkAssistant ProfessorFacultyBSHESMeganWinklermegan winklerAssistant ProfessorFacultyGHKateWinskellkate winskellAssociate ProfessorFacultyEHGHEPIMarleneWolfemarlene wolfeAssistant ProfessorFacultyJointly AppointedJointly AppointedKathyWollenzienkathy wollenzienHPMElizabethWoodcockelizabeth woodcockAdjunct Assistant ProfessorFacultyBSHESBrianaWoods-Jaegerbriana woods-jaegerAssociate ProfessorFacultyBIOSHaoWuhao wuProfessorFacultyHPMCourtneyYarbroughcourtney yarbroughAssistant ProfessorFacultyGHMelissaYoungmelissa youngAssistant ProfessorFacultyGHBSHESKathrynYountkathryn yountProfessorJointly AppointedFacultyBIOSRebeccaZhangrebecca zhangSenior AssociateFacultyEHQiangZhangqiang zhangAssociate ProfessorFacultyGHEPISusanAllensusan allenProfessorJointly AppointedJointly AppointedBSHESWeihuaAnweihua anAssociate ProfessorJointly AppointedEPISaraAuldsara auldAssistant ProfessorJointly AppointedGHEPIHenryBlumberghenry blumbergProfessorJointly AppointedJointly AppointedEPIOtisBrawleyotis brawleyProfessorJointly AppointedGHPeterBrownpeter brownProfessorJointly AppointedEPIGHMichaelChungmichael chungProfessorJointly AppointedJointly AppointedGHJonathanColasantijonathan colasantiAssistant ProfessorJointly AppointedBIOSKarenConneelykaren conneelyAssistant ProfessorJointly AppointedEPILisaCranmerlisa  cranmerAssistant ProfessorJointly AppointedEPICarrieCwiakcarrie cwiakProfessorJointly AppointedGHDavidDavis IIIdavid davis iiiAssociate ProfessorJointly AppointedGHEPICarlosdel Riocarlos del rioProfessorJointly AppointedJointly AppointedEPINealDickertneal dickertAssistant ProfessorJointly AppointedEPICristinaDrenkardcristina drenkardAssistant ProfessorJointly AppointedEPIEHAnneDunlopanne dunlopResearch ProfessorJointly AppointedJointly AppointedEPIJohn WilliamEleyjohn william eleyProfessorJointly AppointedBIOSMichaelEpsteinmichael epsteinAssociate ProfessorJointly AppointedGHJessicaFairleyjessica fairleyAssociate ProfessorJointly AppointedEPIGHScottFridkinscott fridkinProfessorJointly AppointedJointly AppointedGHMaryGalinskimary galinskiProfessorJointly AppointedEHThomasGillespiethomas gillespieAssociate ProfessorJointly AppointedGHEPIRichardGoodmanrichard goodmanInstructorJointly AppointedJointly AppointedEPIAbhinavGoyalabhinav goyalProfessorJointly AppointedEPISanjayGuptasanjay  guptaAssociate ProfessorJointly AppointedGHDannyHaddaddanny haddadAdjunct ProfessorJointly AppointedGHCraigHadleycraig hadleyProfessorJointly AppointedEPIJessicaHardingjessica hardingAssistant ProfessorJointly AppointedBIOSVickiHertzbergvicki  hertzbergProfessorJointly AppointedBSHESEHDebraHourydebra houryAdjunct Associate ProfessorJointly AppointedAdjunct or VisitingGHJamesHughesjames hughesInstructorJointly AppointedEPIEllenIdlerellen idlerProfessorJointly AppointedEPIJesseJacobjesse jacobAssociate ProfessorJointly AppointedEPIDeniseJamieson, MD, MPHdenise jamieson, md, mphProfessorJointly AppointedHPMMichael M.E.Johnsmichael m.e. johnsProfessorJointly AppointedEPITheodore MJohnsontheodore m johnsonProfessorJointly AppointedBSHESNadineKaslownadine kaslowProfessorJointly AppointedEPIDioKavalieratosdio kavalieratosAssociate ProfessorJointly AppointedEPIColleenKelleycolleen kelleyAssistant ProfessorJointly AppointedEPIJordanKempkerjordan kempkerAssistant ProfessorJointly AppointedEPIEHAmyKirbyamy kirbyAdjunct Assistant ProfessorAdjunct or VisitingJointly AppointedEHEPIUrielKitronuriel kitronProfessorJointly AppointedJointly AppointedEPIJeffreyKoplanjeffrey koplanProfessorJointly AppointedBSHESMelissaKottkemelissa kottkeAssociate ProfessorJointly AppointedGHPhyllisKozarskyphyllis kozarskyProfessorJointly AppointedEPIAmbarKulshreshthaambar kulshreshthaAssistant ProfessorJointly AppointedBSHESDorianLamisdorian lamisAssociate ProfessorJointly AppointedEPIChristianLarsenchristian larsenProfessorJointly AppointedGHSperlingLaurencesperling laurenceProfessorJointly AppointedGHMeganLawleymegan lawleyAssistant ProfessorJointly AppointedBIOSDonaldLeedonald leeAssociate ProfessorJointly AppointedHPMJonathanLewinjonathan  lewinProfessorJointly AppointedEPIS SamLims sam limProfessorJointly AppointedGHVincentMarconivincent marconiProfessorJointly AppointedEHLindaMcCauleylinda mccauleyProfessorJointly AppointedBIOSC. ChristinaMehtac. christina mehtaResearch Associate ProfessorJointly AppointedEPIAnnMertensann mertensProfessorJointly AppointedBSHESIghovwerhaOfotokunighovwerha ofotokunProfessorJointly AppointedGHEPIWalterOrensteinwalter orensteinProfessorJointly AppointedJointly AppointedEPIMatthewOstermatthew osterAssociate ProfessorJointly AppointedEPIVictoria M.Pakvictoria m. pakAssistant ProfessorJointly AppointedEPIRuthParkerruth parkerProfessorJointly AppointedEPIRachelPatzerrachel patzerAssociate ProfessorJointly AppointedEPIStephenPittsstephen pittsAssociate ProfessorJointly AppointedEPILauraPlantingalaura plantingaAssociate ProfessorJointly AppointedGHPollyPricepolly priceProfessorJointly AppointedGHMichaelPrietulamichael prietulaProfessorJointly AppointedGHPaulinaRebolledopaulina rebolledoAssistant ProfessorJointly AppointedEPIKatherineRoss Driscollkatherine ross driscollAssistant ProfessorJointly AppointedEHJonathanRuppjonathan  ruppAssociate ProfessorJointly AppointedEHEriSaikawaeri saikawaAssociate ProfessorJointly AppointedHPMAlfred (Fred)Sanfilippoalfred (fred) sanfilippoProfessorJointly AppointedBIOSGlenSattenglen sattenProfessorJointly AppointedHPMAniSatzani satzProfessorJointly AppointedGHIraSchwartzira schwartzProfessorJointly AppointedGHDonSeemandon seemanProfessorJointly AppointedGHAndiShaneandi shaneProfessorJointly AppointedEPIStephanieShermanstephanie shermanProfessorJointly AppointedBSHESRandiSmithrandi smithAssistant ProfessorJointly AppointedGHSydneySpanglersydney spanglerAssistant ProfessorJointly AppointedEPIDavidStephensdavid stephensProfessorJointly AppointedGHParmiSuchdevparmi suchdevProfessorJointly AppointedEHLisaThompsonlisa thompsonAssociate ProfessorJointly AppointedGHEPIJay BasilVarkeyjay basil varkeyAssociate ProfessorJointly AppointedJointly AppointedEHEPIGonzaloVazquez-Prokopecgonzalo vazquez-prokopecAssociate ProfessorJointly AppointedJointly AppointedBSHESDrennaWaldrop-Valverdedrenna waldrop-valverdeProfessorJointly AppointedGHPeterWilsonpeter wilsonProfessorJointly AppointedEPIPeterWilsonpeter wilsonProfessorJointly AppointedEHDavidWrightdavid wrightProfessorJointly AppointedBIOSJingjingYangjingjing yangAssistant ProfessorJointly AppointedEPIInciYildiriminci yildirimAssistant ProfessorJointly AppointedIkramAamerikram aamerGHDavidAddissdavid addissAdjunct InstructorAdjunct or VisitingAliAl-Shehriali al-shehriEMPHGregoryAndersongregory andersonAdjunct Associate ProfessorAdjunct or VisitingGHMarkAndersonmark andersonAdjunct Assistant ProfessorAdjunct or VisitingGHJohnAndertonjohn andertonInstructorAdjunct or VisitingGHEPIHani KhalilAtrashhani khalil atrashInstructorAdjunct or VisitingAdjunct or VisitingBSHESDeniseBallarddenise ballardAdjunct Assistant ProfessorAdjunct or VisitingEPIKi MoonBangki moon  bangAdjunct ProfessorAdjunct or VisitingIbrahimBaniibrahim baniEHScottBartellscott bartellAdjunct Associate ProfessorAdjunct or VisitingEHJesseBelljesse bellAdjunct Associate ProfessorAdjunct or VisitingHPMSarahBenatorsarah benatorAdjunct InstructorAdjunct or VisitingEHDavidBerendesdavid berendesAdjunct Assistant ProfessorAdjunct or VisitingGHRobertBernsteinrobert bernsteinAdjunct Associate ProfessorAdjunct or VisitingEPIKyleBernsteinkyle  bernsteinAdjunct Assistant ProfessorAdjunct or VisitingGHOlegBilukhaoleg bilukhaAdjunct Associate ProfessorAdjunct or VisitingEHSuzanneBindersuzanne binderAdjunct ProfessorAdjunct or VisitingHPMThomasBornemannthomas bornemannAdjunct Associate ProfessorAdjunct or VisitingEHNishaBotchweynisha botchweyAdjunct Associate ProfessorAdjunct or VisitingEHPatrickBreyssepatrick breysseAdjunct ProfessorAdjunct or VisitingGHClaireBroomeclaire broomeInstructorAdjunct or VisitingEPIAllisonBrownallison brownAdjunct Assistant ProfessorAdjunct or VisitingEHJosephBrownjoseph brownAdjunct Assistant ProfessorAdjunct or VisitingEHWilliamBullockwilliam bullockAdjunct Assistant ProfessorAdjunct or VisitingBSHESVanessaByamsvanessa byamsInstructorAdjunct or VisitingGHPaulCanteypaul canteyClinical Associate ProfessorAdjunct or VisitingBSHESEMPHLisaCarlsonlisa carlsonAdjunct InstructorAdjunct or VisitingAdjunct or VisitingEPIJ. PeterCegielskij. peter cegielskiInstructorAdjunct or VisitingBIOSZhengjia "Nelson"Chenzhengjia "nelson" chenAdjunct ProfessorAdjunct or VisitingGHRobertChenrobert chenAdjunct InstructorAdjunct or VisitingEPIJennaCoalsonjenna coalsonAdjunct Assistant ProfessorAdjunct or VisitingHPMJaniceCooperjanice cooperAdjunct InstructorAdjunct or VisitingEHDennisCreechdennis  creechAdjunct InstructorAdjunct or VisitingBSHESEPIDanielCrimminsdaniel crimminsAdjunct ProfessorAdjunct or VisitingAdjunct or VisitingEHEPILyndseyDarrowlyndsey darrowAdjunct Associate ProfessorAdjunct or VisitingAdjunct or VisitingGHSriparnaDattasriparna dattaInstructorAdjunct or VisitingBSHESTeanieseDavisteaniese davisLecturerAdjunct or VisitingBSHESLinda ChristineDeGutislinda christine degutisAdjunct ProfessorAdjunct or VisitingEHOwenDevineowen devineAdjunct Associate ProfessorAdjunct or VisitingEHV. RamanaDharav. ramana  dharaAdjunct Associate ProfessorAdjunct or VisitingGHAnnDiGirolamoann digirolamoAdjunct Assistant ProfessorAdjunct or VisitingEHHenryFalkhenry falkAdjunct ProfessorAdjunct or VisitingEHThomasFarissthomas farissAdjunct ProfessorAdjunct or VisitingEPIVeronikaFedirkoveronika fedirkoAdjunct Associate ProfessorAdjunct or VisitingGHRafaelFloresrafael floresAdjunct ProfessorAdjunct or VisitingEPIIvoFoppaivo foppaAdjunct Associate ProfessorAdjunct or VisitingEHBruceFowlerbruce fowlerAdjunct ProfessorAdjunct or VisitingEHTimothyFredericktimothy frederickAdjunct InstructorAdjunct or VisitingEPICindyFriedmancindy friedmanAdjunct Assistant ProfessorAdjunct or VisitingGHKarlaGalavizkarla galavizAdjunct Assistant ProfessorAdjunct or VisitingGHRichardGarfieldrichard garfieldAdjunct ProfessorAdjunct or VisitingEPIEHKatherineGasskatherine gassAdjunct Assistant ProfessorAdjunct or VisitingAdjunct or VisitingEPIMia M.Gaudetmia m. gaudetAdjunct Associate ProfessorAdjunct or VisitingGHRichardGeltingrichard geltingAdjunct ProfessorAdjunct or VisitingGHRogerGlassroger glassAdjunct ProfessorAdjunct or VisitingEPIStefanGoldbergstefan goldbergAdjunct ProfessorAdjunct or VisitingGHLenetteGoldinglenette goldingInstructorAdjunct or VisitingGHInesGonzalez Casanovaines  gonzalez casanovaAdjunct Assistant ProfessorAdjunct or VisitingBIOSEMPHAngelitaGordonangelita  gordonVisiting InstructorAdjunct or VisitingAdjunct or VisitingBSHESMicheleGornickmichele gornickAdjunct Assistant ProfessorAdjunct or VisitingEPINeelaGoswamineela goswamiAdjunct Assistant ProfessorAdjunct or VisitingBSHESSandraGouldingsandra gouldingInstructorAdjunct or VisitingGHEHPhilipGraitcerphilip graitcerInstructorAdjunct or VisitingAdjunct or VisitingBSHESBrandeisGreenbrandeis greenInstructorAdjunct or VisitingEHRobertGreenwaldrobert greenwaldAdjunct Assistant ProfessorAdjunct or VisitingEMPHJeremyGreyjeremy greyAdjunct InstructorAdjunct or VisitingGHPatriciaGriffinpatricia griffinAdjunct InstructorAdjunct or VisitingHPMRobertGrossrobert grossVisiting InstructorAdjunct or VisitingGHJulieGutmanjulie gutmanAdjunct Assistant ProfessorAdjunct or VisitingEPIMartaGwinnmarta gwinnAdjunct ProfessorAdjunct or VisitingBSHESEPIKelli StidhamHallkelli stidham hallAssociate ProfessorAdjunct or VisitingJointly AppointedHPMLeighHambyleigh hambyAdjunct InstructorAdjunct or VisitingGHDouglasHamiltondouglas hamiltonAdjunct Assistant ProfessorAdjunct or VisitingEPIKarenHamrekaren hamreAdjunct Assistant ProfessorAdjunct or VisitingEPIXuesongHanxuesong  hanAdjunct Assistant ProfessorAdjunct or VisitingGHThomasHandzelthomas handzelAdjunct Assistant ProfessorAdjunct or VisitingHPMRedgeHannaredge hannaAdjunct InstructorAdjunct or VisitingBSHESVeniceHaynesvenice haynesInstructorAdjunct or VisitingEHRichardHertzbergrichard hertzbergAdjunct ProfessorAdjunct or VisitingEHJeremyHessjeremy hessAdjunct Associate ProfessorAdjunct or VisitingBIOSAndrewHillandrew hillAdjunct ProfessorAdjunct or VisitingEHVincentHillvincent hillAdjunct Associate ProfessorAdjunct or VisitingEPIGHAlanHinmanalan hinmanAdjunct ProfessorAdjunct or VisitingAdjunct or VisitingGHTimothyHoltztimothy holtzAdjunct Associate ProfessorAdjunct or VisitingBSHESSallyHoneycuttsally honeycuttInstructorAdjunct or VisitingEHBilqisHoquebilqis hoqueAdjunct ProfessorAdjunct or VisitingEHCiannatHowettciannat howettAdjunct Associate ProfessorAdjunct or VisitingEPIGHDaleHudale huAdjunct ProfessorAdjunct or VisitingAdjunct or VisitingEHBrianHughesbrian  hughesAdjunct InstructorAdjunct or VisitingGHFarahHusainfarah husainAdjunct ProfessorAdjunct or VisitingGHMichelleHynesmichelle hynesAdjunct Assistant ProfessorAdjunct or VisitingEPIGHKashefIjazkashef ijazAdjunct ProfessorAdjunct or VisitingAdjunct or VisitingEPIFarhadIslamifarhad islamiAdjunct Associate ProfessorAdjunct or VisitingEPIA. DanielleIulianoa. danielle iulianoAdjunct Assistant ProfessorAdjunct or VisitingHPMManojJainmanoj jainAdjunct ProfessorAdjunct or VisitingEPIAhmedinJemalahmedin jemalAdjunct Associate ProfessorAdjunct or VisitingEHBarryJohnsonbarry johnsonAdjunct ProfessorAdjunct or VisitingBSHESEPICamaraJonescamara jonesAdjunct ProfessorAdjunct or VisitingAdjunct or VisitingBSHESEMPHCynthiaJorgensencynthia jorgensenAdjunct ProfessorAdjunct or VisitingAdjunct or VisitingHPMRamziKansoramzi kansoAdjunct InstructorAdjunct or VisitingGHSumayaKarimisumaya karimiAdjunct Assistant ProfessorAdjunct or VisitingGHSenaitKebedesenait kebedeInstructorAdjunct or VisitingEHPinarKeskinocakpinar  keskinocakAdjunct ProfessorAdjunct or VisitingEHMuinKhourymuin khouryAdjunct ProfessorAdjunct or VisitingGHNdungeKiitindunge kiitiAdjunct Associate ProfessorAdjunct or VisitingEHFlemmingKonradsenflemming konradsenVisiting ProfessorAdjunct or VisitingBSHESHPMCarolKoplancarol koplanAdjunct InstructorAdjunct or VisitingAdjunct or VisitingEHJudyKrugerjudy krugerAssociate ProfessorAdjunct or VisitingBSHESCorinneLeachcorinne leachAdjunct Assistant ProfessorAdjunct or VisitingEMPHBrianLeebrian leeInstructorAdjunct or VisitingGHEvaLeidmaneva leidmanAdjunct ProfessorAdjunct or VisitingEHRichardLemenrichard lemenAdjunct ProfessorAdjunct or VisitingEHEPIKarenLevykaren levyAdjunct Associate ProfessorAdjunct or VisitingJointly AppointedBSHESLeandrisLiburdleandris liburdAdjunct Associate ProfessorAdjunct or VisitingGHRoger-ClaudeLiwangaroger-claude liwangaInstructorAdjunct or VisitingBSHESNicoleLlewellynnicole llewellynInstructorAdjunct or VisitingGHBarbaraLopes-Cardozobarbara lopes-cardozoAdjunct Assistant ProfessorAdjunct or VisitingEMPHEPINicoleLuisinicole luisiInstructorAdjunct or VisitingAffiliateGHFrankMahoneyfrank mahoneyAdjunct InstructorAdjunct or VisitingGHFauziaMalikfauzia malikAdjunct Assistant ProfessorAdjunct or VisitingGHMichaelMalisonmichael malisonAdjunct ProfessorAdjunct or VisitingBSHESLaTishaMarshalllatisha marshallInstructorAdjunct or VisitingEHMiaMattiolimia mattioliAdjunct Assistant ProfessorAdjunct or VisitingGHLaurenMaxwelllauren maxwellAdjunct Assistant ProfessorAdjunct or VisitingEPIGHMarjorieMcCulloughmarjorie mcculloughAdjunct Associate ProfessorAdjunct or VisitingAdjunct or VisitingEMPHEPIA.D.McNaghtena.d. mcnaghtenAdjunct InstructorAdjunct or VisitingAdjunct or VisitingEPIRAVIMEHROTRAravi mehrotraAdjunct ProfessorAdjunct or VisitingEHStanleyMeiburgstanley meiburgAdjunct ProfessorAdjunct or VisitingHPMRobertMerrittrobert merrittAdjunct Associate ProfessorAdjunct or VisitingGHStephanieMiedemastephanie miedemaAdjunct Assistant ProfessorAdjunct or VisitingEHGaryMillergary millerAdjunct ProfessorAdjunct or VisitingEHM. DeborahMilletttem. deborah millettteAdjunct InstructorAdjunct or VisitingEHMariaMirabellimaria mirabelliAdjunct Associate ProfessorAdjunct or VisitingGHDaleMorsedale morseAdjunct ProfessorAdjunct or VisitingEHMoizMumtazmoiz mumtazAdjunct ProfessorAdjunct or VisitingEHH. EdwardMurrayh. edward murrayAdjunct ProfessorAdjunct or VisitingEHMelvinMyersmelvin  myersAdjunct Associate ProfessorAdjunct or VisitingGHCarlosNavarro Coloradocarlos navarro coloradoAdjunct Assistant ProfessorAdjunct or VisitingGHLynetteNeufeldlynette neufeldAdjunct Associate ProfessorAdjunct or VisitingGHJannieNielsenjannie  nielsenVisiting Assistant ProfessorAdjunct or VisitingEPIGHGregoryNolandgregory nolandAdjunct Associate ProfessorAdjunct or VisitingAdjunct or VisitingEHJamajiNwanaji-Enweremjamaji nwanaji-enweremAdjunct Assistant ProfessorAdjunct or VisitingGHIkechukwuOgbuanuikechukwu ogbuanuAdjunct Assistant ProfessorAdjunct or VisitingGHChimaOhuabunwochima ohuabunwoAdjunct ProfessorAdjunct or VisitingGHSaadOmersaad omerAdjunct ProfessorAdjunct or VisitingGHClaudiaOrdóñezclaudia ordóñezAdjunct Assistant ProfessorAdjunct or VisitingHPMMichaelO'Toolemichael o'tooleAdjunct InstructorAdjunct or VisitingBSHESAshliOwen-Smithashli owen-smithInstructorAdjunct or VisitingBSHESShilpaPatelshilpa patelAdjunct Assistant ProfessorAdjunct or VisitingEMPHHPMWilliamPearsonwilliam pearsonAdjunct ProfessorAdjunct or VisitingAdjunct or VisitingGHJuan PabloPeña-Rosasjuan pablo peña-rosasAdjunct ProfessorAdjunct or VisitingBSHESJenniePerrymanjennie perrymanAdjunct ProfessorAdjunct or VisitingBSHESEricPevznereric pevznerAdjunct Associate ProfessorAdjunct or VisitingEHChristopherPortierchristopher  portierAdjunct ProfessorAdjunct or VisitingGHDorairajPrabhakarandorairaj prabhakaranAdjunct ProfessorAdjunct or VisitingGHMichaelPrattmichael prattAdjunct ProfessorAdjunct or VisitingHPMChristopherPress, FACHEchristopher press, facheAdjunct Assistant ProfessorAdjunct or VisitingBSHESWilliamPridemorewilliam pridemoreAdjunct ProfessorAdjunct or VisitingBSHESRakaleQuarellsrakale quarellsAdjunct Associate ProfessorAdjunct or VisitingEPIPaoloRaggipaolo raggiAdjunct ProfessorAdjunct or VisitingHPMAli R.Rahimiali r.  rahimiAdjunct ProfessorAdjunct or VisitingBSHESKrystalRedmankrystal redmanInstructorAdjunct or VisitingEPICarrieReedcarrie reedAdjunct InstructorAdjunct or VisitingGHJuanRiverajuan riveraAdjunct ProfessorAdjunct or VisitingGHGeorgeRoarkgeorge roarkAdjunct InstructorAdjunct or VisitingBSHESJuanRodriguezjuan rodriguezInstructorAdjunct or VisitingGHCharlotteRollecharlotte rolleAdjunct Assistant ProfessorAdjunct or VisitingEPIEliRosenbergeli rosenbergAdjunct Associate ProfessorAdjunct or VisitingGHMarkRosenbergmark rosenbergAdjunct ProfessorAdjunct or VisitingHPMHanaRosshana rossAdjunct Assistant ProfessorAdjunct or VisitingGHDavidRossdavid rossAdjunct ProfessorAdjunct or VisitingEHShubhayuSahashubhayu sahaAdjunct Assistant ProfessorAdjunct or VisitingHPMLawrenceSanderslawrence sandersInstructorAdjunct or VisitingHPMRichardSandersrichard sandersAdjunct InstructorAdjunct or VisitingGHScottSantibanezscott santibanezAdjunct Associate ProfessorAdjunct or VisitingGHMonaSARAIYmona saraiyAdjunct ProfessorAdjunct or VisitingBSHESAnne MarieSchipanianne marie schipaniInstructorAdjunct or VisitingGHDirkSchroederdirk schroederAdjunct Associate ProfessorAdjunct or VisitingBSHESPujaSethpuja sethAdjunct Assistant ProfessorAdjunct or VisitingGHOmarShafeyomar shafeyAdjunct Assistant ProfessorAdjunct or VisitingHPMFredericShawfrederic shawAdjunct ProfessorAdjunct or VisitingBSHESElisabethSheffelisabeth sheffVisiting InstructorAdjunct or VisitingGHSharmilaShettysharmila shettyAdjunct ProfessorAdjunct or VisitingEPIEdgarSimardedgar  simardAdjunct Assistant ProfessorAdjunct or VisitingEHThomasSinksthomas sinksAdjunct ProfessorAdjunct or VisitingEHMelissaSmarrmelissa  smarrAdjunct Assistant ProfessorAdjunct or VisitingBSHESDonnaSmithdonna smithInstructorAdjunct or VisitingEPIRobertSmithrobert smithAdjunct ProfessorAdjunct or VisitingEHJamesSmithjames smithAdjunct ProfessorAdjunct or VisitingGHJuliaSmith-Easleyjulia smith-easleyAdjunct Assistant ProfessorAdjunct or VisitingEMPHElizabethSprouseelizabeth sprouseInstructorAdjunct or VisitingBSHESMaishaStandifermaisha standiferInstructorAdjunct or VisitingGHLauraSteinhardtlaura steinhardtAdjunct Assistant ProfessorAdjunct or VisitingGHRobStephensonrob stephensonAdjunct ProfessorAdjunct or VisitingEPIVictoriaStevensvictoria stevensAdjunct Assistant ProfessorAdjunct or VisitingEHMatthewStricklandmatthew stricklandAdjunct Associate ProfessorAdjunct or VisitingBSHESAndreaSwartzendruberandrea swartzendruberAdjunct ProfessorAdjunct or VisitingGHLeiselTalleyleisel talleyAdjunct Assistant ProfessorAdjunct or VisitingBSHESFlorenceTangkaflorence tangkaProfessorAdjunct or VisitingBSHESMelissaTaylormelissa taylorAdjunct InstructorAdjunct or VisitingGHPeterTeunispeter teunisVisiting ProfessorAdjunct or VisitingAngusThomsonangus thomsonEHMichaelThunmichael thunInstructorAdjunct or VisitingEPIGHKathleenToomeykathleen toomeyAdjunct Associate ProfessorAdjunct or VisitingAdjunct or VisitingBSHESNatashaUnderwoodnatasha underwoodInstructorAdjunct or VisitingGHTimothyUyekitimothy uyekiAdjunct Associate ProfessorAdjunct or VisitingGHFritsvan der Haarfrits van der haarVisiting Associate ProfessorAdjunct or VisitingEPIAndrewVernonandrew  vernonAdjunct Associate ProfessorAdjunct or VisitingGHJorgeVidaljorge vidalAdjunct Associate ProfessorAdjunct or VisitingEPIDrewVoetschdrew voetschAdjunct Associate ProfessorAdjunct or VisitingGHBruceWenigerbruce wenigerAdjunct Associate ProfessorAdjunct or VisitingEHMaryWhitemary whiteAdjunct ProfessorAdjunct or VisitingBSHESKariWhitekari whiteAdjunct Assistant ProfessorAdjunct or VisitingGHAnneWilliamsanne williamsAdjunct Assistant ProfessorAdjunct or VisitingGHHolly AnnWilliamsholly ann williamsAdjunct Associate ProfessorAdjunct or VisitingBIOSG. DavidWilliamsong. david williamsonAdjunct Associate ProfessorAdjunct or VisitingBIOSJohnWilliamsonjohn williamsonAdjunct Associate ProfessorAdjunct or VisitingBSHESMichaelWindlemichael windleEmeritus ProfessorAdjunct or VisitingBSHESGinaWingoodgina wingoodProfessorAdjunct or VisitingEPIEHAndreaWinquistandrea winquistAdjunct Assistant ProfessorAdjunct or VisitingAdjunct or VisitingEPICarlaWinstoncarla winstonAdjunct Assistant ProfessorAdjunct or VisitingEMPHWendyWisewendy wiseInstructorAdjunct or VisitingHPMJonWollenzien, Jr.jon wollenzien, jr.Adjunct ProfessorAdjunct or VisitingBSHESTerriWrightterri wrightInstructorAdjunct or VisitingBSHESEricWrighteric wrightAdjunct ProfessorAdjunct or VisitingEHJonathanYoderjonathan yoderAdjunct InstructorAdjunct or VisitingBIOSTianweiYutianwei yuAdjunct ProfessorAdjunct or VisitingHPMMohammedZamakhsharymohammed zamakhsharyAdjunct Associate ProfessorAdjunct or VisitingEHYingZhouying zhouAdjunct Associate ProfessorAdjunct or VisitingGHJamesZingeserjames zingeserAdjunct InstructorAdjunct or VisitingEPIGHRuthBerkelmanruth berkelmanEmeritus ProfessorProfessor EmeritusJointly AppointedEPIRoberdBostickroberd bostickEmeritus ProfessorProfessor EmeritusBIOSDonnaBrogandonna broganEmeritus ProfessorProfessor EmeritusEPIJohnCarterjohn carterEmeritus Assistant ProfessorProfessor EmeritusGHWilliamFoegewilliam foegeProfessorProfessor EmeritusGHEugeneGangarosaeugene gangarosaProfessorProfessor EmeritusGHRobertHatcherrobert  hatcherProfessorProfessor EmeritusGHJoanHeroldjoan heroldEmeritus Associate ProfessorProfessor EmeritusBSHESEPICarolHoguecarol hogueEmeritus ProfessorJointly AppointedProfessor EmeritusHPMFredricKennedyfredric kennedyProfessorProfessor EmeritusGHMimiKisermimi kiserEmeritus ProfessorProfessor EmeritusEHMitchelKleinmitchel kleinResearch Associate ProfessorProfessor EmeritusEPIDavidKleinbaumdavid kleinbaumEmeritus ProfessorProfessor EmeritusGHKeithKlugmankeith klugmanProfessorProfessor EmeritusGHRolandKnobelroland knobelInstructorProfessor EmeritusBSHESRichardLevinsonrichard levinsonProfessorProfessor EmeritusGHGlendenMaberlyglenden maberlyEmeritus ProfessorProfessor EmeritusHPMStephenMargolisstephen margolisEmeritus Associate ProfessorProfessor EmeritusEPIGHEMPHJohnMcGowan Jr.john mcgowan jr.Emeritus ProfessorProfessor EmeritusProfessor EmeritusProfessor EmeritusBSHESEMPHKathleenMinerkathleen minerProfessorProfessor EmeritusProfessor EmeritusHPMJaneNelsonjane nelsonProfessorProfessor EmeritusBSHESEMPHIrisSmithiris smithProfessorProfessor EmeritusProfessor EmeritusBSHESNancyThompsonnancy thompsonProfessorProfessor EmeritusEHPaigeTolbertpaige tolbertEmeritus ProfessorProfessor EmeritusEPIJohnYoungjohn youngEmeritus ProfessorProfessor EmeritusEMPHGrantBaldwingrant baldwinProfessorAffiliateEMPHGwenBiggerstaffgwen biggerstaffProfessorAffiliateEMPHDeweyBlaylockdewey blaylockInstructorAffiliateEMPHKelleyChesterkelley chesterProfessorAffiliateEMPHJames (Mark)Condejames (mark) condeInstructorAffiliateEMPHKCDeckerkc deckerInstructorAffiliateEMPHPaulaEdwardspaula edwardsProfessorAffiliateEMPHEduardoGonzalez Loumiet, MBA, PMP, CPHIMSeduardo gonzalez loumiet, mba, pmp, cphimsInstructorAffiliateEMPHFrederic (Fred)Grantfrederic (fred) grantProfessorAffiliateEMPHJohannaHinman, MPH, MCHESjohanna hinman, mph, mchesInstructorAffiliateEMPHJamesJellisonjames jellisonInstructorAffiliateEMPHWesleyKennemorewesley kennemoreProfessorAffiliateEMPHDENISEKENSONdenise kensonInstructorAffiliateEMPHRitaNoonanrita noonanProfessorAffiliateEMPHHPMBSHESJeanO'Connorjean o'connorAdjunct Associate ProfessorAdjunct or VisitingAffiliateAdjunct or VisitingEMPHMeganTurkmegan turkInstructorAffiliateEMPHRebeccaUptonrebecca uptonProfessorAffiliateEMPHDavidWestfalldavid westfallProfessorAffiliateBIOSEPIAvnikaAminavnika aminPostDoctoralPost Doctoral FellowPost Doctoral FellowEHValerieBauzavalerie bauzaPostDoctoralPost Doctoral FellowEPIAlisonCammackalison cammackPostDoctoralPost Doctoral FellowGHDaesungChoidaesung choiPostDoctoralPost Doctoral FellowEPIElizabethClausingelizabeth clausingPostDoctoralPost Doctoral FellowGHGHMichaelCurtismichael curtisPostDoctoralPost Doctoral FellowEHYanlingDengyanling dengPostDoctoralPost Doctoral FellowEPIMartaDiez Valcarcemarta diez valcarcePostDoctoralPost Doctoral FellowGHEmilyFaerberemily faerberPostDoctoralPost Doctoral FellowEPINicoleFieldsnicole fieldsPostDoctoralPost Doctoral FellowEPIDanielleGiovencodanielle giovencoPostDoctoralPost Doctoral FellowEHElizabethGoehringelizabeth goehringPostDoctoralPost Doctoral FellowEPITamalaGondwetamala gondwePostDoctoralPost Doctoral FellowEHYunHangyun hangPostDoctoralPost Doctoral FellowEHHuaHaohua haoPostDoctoralPost Doctoral FellowEPIRobertHoodrobert hoodPostDoctoralPost Doctoral FellowEHJadaHoyle-Gardnerjada hoyle-gardnerPostDoctoralPost Doctoral FellowGHRebeccaJonesrebecca jonesPostDoctoralPost Doctoral FellowEPIAliciaKraayalicia kraayPostDoctoralPost Doctoral FellowEHFredericaLamarfrederica lamarPostDoctoralPost Doctoral FellowBIOSJoshuaLukemirejoshua lukemirePostDoctoralPost Doctoral FellowGHItaiMagodoroitai magodoroPostDoctoralPost Doctoral FellowBSHESTatendaMangurenjetatenda mangurenjePostDoctoralPost Doctoral FellowEPIZacharyMartinzachary martinPostDoctoralPost Doctoral FellowEHZacharyMcCannzachary mccannPostDoctoralPost Doctoral FellowEPIJasmineMiller-Kleinhenzjasmine miller-kleinhenzPostDoctoralPost Doctoral FellowEHEPIKayokoMorikayoko moriPostDoctoralPost Doctoral FellowPost Doctoral FellowGHJonathanMuirjonathan muirPostDoctoralPost Doctoral FellowBIOSJamshidNamdarijamshid namdariPostDoctoralPost Doctoral FellowGHAnnaNewton-Levinsonanna newton-levinsonPostDoctoralPost Doctoral FellowGHNatalia ElviraPoveda Reynatalia elvira poveda reyPostDoctoralPost Doctoral FellowEHDimplePruthidimple pruthiPostDoctoralPost Doctoral FellowEHQiangPuqiang puPostDoctoralPost Doctoral FellowEHJeloniaRumphjelonia rumphPostDoctoralPost Doctoral FellowGHRachaelSpencerrachael spencerPostDoctoralPost Doctoral FellowBIOSDayuSundayu sunPostDoctoralPost Doctoral FellowGHPradeepTiwaripradeep tiwariPostDoctoralPost Doctoral FellowGHJithin SamVarghesejithin sam varghesePostDoctoralPost Doctoral FellowEHYeweiWangyewei wangPostDoctoralPost Doctoral FellowGHElizabethWernerelizabeth wernerPostDoctoralPost Doctoral FellowEHYuzhiXiyuzhi xiPostDoctoralPost Doctoral FellowBIOSWeiZhaowei zhaoPostDoctoralPost Doctoral FellowBIOSSiyuZhousiyu zhouPostDoctoralPost Doctoral FellowEHQiaoZhuqiao zhuPostDoctoralPost Doctoral FellowTOPCopyright © 2022 Emory University - All Rights Reserved